film_id,title,director_id,country,views,director_name
film00001,tik-tak boom 115,director001,Japan,8096,Steven Spielberg
film00005,Obsession 433,director001,Spain,346549,Steven Spielberg
film00007,avengers 518,director001,Russia,856088,Steven Spielberg
film00015,Obsession 271,director001,China,306605,Steven Spielberg
film00031,tik-tak boom 333,director001,India,837433,Steven Spielberg
film00032,avengers 842,director001,Japan,872662,Steven Spielberg
film00046,Parasites 258,director001,Argentina,532221,Steven Spielberg
film00056,Parasites 977,director001,China,175418,Steven Spielberg
film00059,Bullet train 246,director001,Norway,711380,Steven Spielberg
film00070,God father 347,director001,China,411133,Steven Spielberg
film00072,Obsession 226,director001,Norway,618181,Steven Spielberg
film00073,God father 725,director001,Finland,525776,Steven Spielberg
film00074,avengers 70,director001,France,362724,Steven Spielberg
film00083,Interstellar 885,director001,Kazahstan,217916,Steven Spielberg
film00091,F1 668,director001,Finland,121675,Steven Spielberg
film00100,avengers 992,director001,Russia,485498,Steven Spielberg
film00101,Obsession 754,director001,Germany,837507,Steven Spielberg
film00102,X-man 59,director001,Russia,661351,Steven Spielberg
film00108,Obsession 609,director001,Germany,472413,Steven Spielberg
film00121,Obsession 827,director001,Japan,704281,Steven Spielberg
film00130,Bullet train 46,director001,France,854266,Steven Spielberg
film00138,Vanhelsing 131,director001,France,392439,Steven Spielberg
film00139,Bullet train 374,director001,Finland,149225,Steven Spielberg
film00149,Vanhelsing 894,director001,France,514426,Steven Spielberg
film00152,avengers 229,director001,Spain,473908,Steven Spielberg
film00175,Vanhelsing 562,director001,Argentina,119710,Steven Spielberg
film00184,avengers 151,director001,Russia,108391,Steven Spielberg
film00189,avengers 152,director001,India,276581,Steven Spielberg
film00208,Vanhelsing 399,director001,France,340375,Steven Spielberg
film00214,Vanhelsing 498,director001,UK,143175,Steven Spielberg
film00217,Lost City 638,director001,USA,291794,Steven Spielberg
film00218,Vanhelsing 607,director001,Spain,688757,Steven Spielberg
film00226,Interstellar 20,director001,India,150077,Steven Spielberg
film00228,tik-tak boom 42,director001,Japan,659309,Steven Spielberg
film00229,avengers 205,director001,Russia,394396,Steven Spielberg
film00236,God father 593,director001,China,477782,Steven Spielberg
film00242,Obsession 802,director001,India,666678,Steven Spielberg
film00265,Interstellar 812,director001,Germany,723040,Steven Spielberg
film00279,Lost City 310,director001,UK,738880,Steven Spielberg
film00281,F1 998,director001,Germany,500968,Steven Spielberg
film00284,God father 894,director001,Argentina,714013,Steven Spielberg
film00287,Lost City 989,director001,China,857800,Steven Spielberg
film00291,Obsession 645,director001,UK,241068,Steven Spielberg
film00298,Bullet train 583,director001,Spain,790743,Steven Spielberg
film00312,Lost City 74,director001,UK,941145,Steven Spielberg
film00318,Interstellar 83,director001,Kazahstan,147622,Steven Spielberg
film00320,Obsession 257,director001,Norway,89341,Steven Spielberg
film00321,God father 235,director001,Germany,581278,Steven Spielberg
film00335,Parasites 845,director001,India,405630,Steven Spielberg
film00339,tik-tak boom 453,director001,Argentina,932895,Steven Spielberg
film00343,Lost City 319,director001,Spain,596990,Steven Spielberg
film00366,Interstellar 988,director001,France,563445,Steven Spielberg
film00392,Interstellar 262,director001,Finland,820067,Steven Spielberg
film00402,Bullet train 9,director001,India,478309,Steven Spielberg
film00408,tik-tak boom 100,director001,Kazahstan,108903,Steven Spielberg
film00431,God father 144,director001,Germany,844409,Steven Spielberg
film00447,tik-tak boom 655,director001,Germany,769043,Steven Spielberg
film00455,Lost City 113,director001,USA,998185,Steven Spielberg
film00465,Interstellar 659,director001,Japan,98545,Steven Spielberg
film00497,Parasites 998,director001,India,324284,Steven Spielberg
film00503,God father 146,director001,Finland,731729,Steven Spielberg
film00519,Obsession 57,director001,Kazahstan,833369,Steven Spielberg
film00527,God father 407,director001,Norway,89121,Steven Spielberg
film00532,God father 415,director001,Germany,947335,Steven Spielberg
film00551,Bullet train 606,director001,Portugal,650253,Steven Spielberg
film00557,Interstellar 595,director001,Japan,402620,Steven Spielberg
film00560,Parasites 155,director001,Kazahstan,552356,Steven Spielberg
film00567,tik-tak boom 613,director001,Kazahstan,509223,Steven Spielberg
film00579,Parasites 371,director001,Kazahstan,613356,Steven Spielberg
film00584,God father 520,director001,Spain,830672,Steven Spielberg
film00605,F1 425,director001,India,40807,Steven Spielberg
film00608,X-man 230,director001,Germany,21896,Steven Spielberg
film00613,Interstellar 460,director001,China,752763,Steven Spielberg
film00622,Obsession 549,director001,Argentina,903477,Steven Spielberg
film00629,God father 977,director001,France,768926,Steven Spielberg
film00632,X-man 260,director001,Norway,333695,Steven Spielberg
film00646,Bullet train 366,director001,Spain,809274,Steven Spielberg
film00661,X-man 458,director001,China,469325,Steven Spielberg
film00663,Bullet train 655,director001,Germany,262662,Steven Spielberg
film00669,X-man 393,director001,India,769170,Steven Spielberg
film00702,Lost City 444,director001,Japan,693687,Steven Spielberg
film00714,Obsession 43,director001,Germany,102698,Steven Spielberg
film00717,Obsession 655,director001,Japan,86916,Steven Spielberg
film00744,Bullet train 550,director001,Norway,910004,Steven Spielberg
film00747,Vanhelsing 375,director001,Japan,83790,Steven Spielberg
film00756,Parasites 42,director001,Kazahstan,471852,Steven Spielberg
film00766,Obsession 316,director001,Japan,336281,Steven Spielberg
film00791,Lost City 298,director001,India,600809,Steven Spielberg
film00799,tik-tak boom 239,director001,China,725056,Steven Spielberg
film00808,Parasites 757,director001,Spain,731000,Steven Spielberg
film00829,X-man 310,director001,Spain,550753,Steven Spielberg
film00849,Parasites 457,director001,Spain,938942,Steven Spielberg
film00851,Interstellar 578,director001,Spain,723312,Steven Spielberg
film00855,Obsession 75,director001,Spain,601056,Steven Spielberg
film00867,F1 775,director001,France,631343,Steven Spielberg
film00873,Obsession 785,director001,Japan,445393,Steven Spielberg
film00875,God father 609,director001,China,482294,Steven Spielberg
film00876,Interstellar 613,director001,Japan,229808,Steven Spielberg
film00877,avengers 759,director001,India,317822,Steven Spielberg
film00879,Parasites 223,director001,Spain,654898,Steven Spielberg
film00888,Parasites 508,director001,UK,506139,Steven Spielberg
film00895,Interstellar 937,director001,Germany,158212,Steven Spielberg
film00903,tik-tak boom 620,director001,France,757320,Steven Spielberg
film00906,Bullet train 980,director001,Japan,951965,Steven Spielberg
film00929,Lost City 939,director001,China,687224,Steven Spielberg
film00931,tik-tak boom 50,director001,China,235176,Steven Spielberg
film00936,tik-tak boom 500,director001,Japan,615015,Steven Spielberg
film00939,Parasites 294,director001,India,57284,Steven Spielberg
film00948,tik-tak boom 879,director001,Russia,57688,Steven Spielberg
film00951,F1 653,director001,Germany,360315,Steven Spielberg
film00955,Parasites 942,director001,Finland,190117,Steven Spielberg
film00959,Parasites 578,director001,China,666320,Steven Spielberg
film00980,God father 94,director001,Norway,5324,Steven Spielberg
film00002,Bullet train 251,director004,Russia,349354,James Cameron
film00006,F1 96,director004,India,351996,James Cameron
film00020,F1 678,director004,Russia,294916,James Cameron
film00021,Bullet train 82,director004,Spain,825040,James Cameron
film00028,Parasites 747,director004,USA,763538,James Cameron
film00030,Bullet train 948,director004,Finland,220832,James Cameron
film00054,tik-tak boom 306,director004,Kazahstan,261289,James Cameron
film00066,avengers 952,director004,Finland,544998,James Cameron
film00069,God father 254,director004,Germany,468432,James Cameron
film00071,Obsession 568,director004,India,810859,James Cameron
film00075,X-man 73,director004,USA,507222,James Cameron
film00086,God father 255,director004,UK,460450,James Cameron
film00089,Bullet train 474,director004,UK,315849,James Cameron
film00092,God father 949,director004,USA,891429,James Cameron
film00106,tik-tak boom 883,director004,USA,774207,James Cameron
film00107,Vanhelsing 123,director004,Portugal,926994,James Cameron
film00116,God father 551,director004,UK,839338,James Cameron
film00126,Bullet train 620,director004,Russia,616519,James Cameron
film00140,X-man 216,director004,Argentina,408333,James Cameron
film00147,Vanhelsing 822,director004,Norway,976904,James Cameron
film00150,Interstellar 228,director004,Japan,148111,James Cameron
film00162,Vanhelsing 922,director004,Finland,881690,James Cameron
film00164,F1 533,director004,France,87686,James Cameron
film00171,Parasites 131,director004,Kazahstan,480536,James Cameron
film00176,Bullet train 294,director004,Portugal,120754,James Cameron
film00182,God father 839,director004,Finland,463806,James Cameron
film00183,tik-tak boom 318,director004,Argentina,230157,James Cameron
film00187,Interstellar 425,director004,Germany,313170,James Cameron
film00192,F1 571,director004,India,908322,James Cameron
film00199,Parasites 497,director004,Portugal,664508,James Cameron
film00203,Lost City 155,director004,Spain,217995,James Cameron
film00207,Vanhelsing 64,director004,Portugal,565939,James Cameron
film00212,Vanhelsing 552,director004,Spain,540403,James Cameron
film00222,Vanhelsing 336,director004,Finland,338742,James Cameron
film00230,Obsession 157,director004,India,80184,James Cameron
film00232,Obsession 971,director004,Kazahstan,98616,James Cameron
film00238,Vanhelsing 965,director004,Portugal,3593,James Cameron
film00239,God father 607,director004,Spain,812739,James Cameron
film00253,X-man 873,director004,France,594643,James Cameron
film00261,Parasites 11,director004,UK,975581,James Cameron
film00263,Interstellar 569,director004,India,479693,James Cameron
film00266,God father 302,director004,France,925998,James Cameron
film00267,Vanhelsing 709,director004,Norway,317528,James Cameron
film00273,avengers 124,director004,Norway,174565,James Cameron
film00277,God father 853,director004,Kazahstan,246517,James Cameron
film00295,Obsession 611,director004,China,386416,James Cameron
film00300,avengers 641,director004,Norway,711029,James Cameron
film00308,God father 704,director004,France,965578,James Cameron
film00309,Bullet train 807,director004,Russia,647002,James Cameron
film00310,Vanhelsing 118,director004,Norway,464873,James Cameron
film00337,Vanhelsing 56,director004,India,670077,James Cameron
film00342,God father 30,director004,Russia,903628,James Cameron
film00361,avengers 715,director004,Portugal,161097,James Cameron
film00362,Obsession 393,director004,Japan,88657,James Cameron
film00389,Obsession 700,director004,Spain,756777,James Cameron
film00404,Bullet train 795,director004,USA,524879,James Cameron
film00406,avengers 652,director004,France,386548,James Cameron
film00419,Lost City 773,director004,Spain,38081,James Cameron
film00426,God father 692,director004,Japan,867120,James Cameron
film00433,God father 100,director004,Russia,73274,James Cameron
film00446,Interstellar 94,director004,Kazahstan,814575,James Cameron
film00449,avengers 129,director004,Kazahstan,258034,James Cameron
film00450,God father 850,director004,France,7687,James Cameron
film00451,Obsession 222,director004,Russia,26071,James Cameron
film00463,Interstellar 516,director004,India,63804,James Cameron
film00476,tik-tak boom 667,director004,Portugal,596403,James Cameron
film00477,Vanhelsing 463,director004,USA,457112,James Cameron
film00491,God father 592,director004,France,111790,James Cameron
film00504,God father 765,director004,Portugal,43288,James Cameron
film00513,Vanhelsing 280,director004,France,33591,James Cameron
film00520,avengers 309,director004,France,128352,James Cameron
film00525,Parasites 721,director004,Russia,391321,James Cameron
film00540,Parasites 523,director004,France,970022,James Cameron
film00558,Interstellar 931,director004,France,440599,James Cameron
film00589,X-man 693,director004,Russia,373039,James Cameron
film00591,Interstellar 240,director004,France,185654,James Cameron
film00596,Lost City 837,director004,Portugal,30576,James Cameron
film00603,Vanhelsing 94,director004,India,569458,James Cameron
film00623,tik-tak boom 528,director004,China,77054,James Cameron
film00641,F1 301,director004,Japan,134534,James Cameron
film00642,F1 811,director004,France,765234,James Cameron
film00645,Bullet train 38,director004,Portugal,411623,James Cameron
film00705,X-man 958,director004,USA,412987,James Cameron
film00707,God father 257,director004,Spain,515796,James Cameron
film00733,Obsession 429,director004,France,789775,James Cameron
film00748,Vanhelsing 53,director004,Russia,947630,James Cameron
film00768,tik-tak boom 802,director004,Kazahstan,71267,James Cameron
film00771,Lost City 842,director004,Argentina,342968,James Cameron
film00775,Vanhelsing 708,director004,Kazahstan,735435,James Cameron
film00783,Obsession 496,director004,UK,970857,James Cameron
film00786,Bullet train 722,director004,Kazahstan,300990,James Cameron
film00797,Lost City 112,director004,Finland,422233,James Cameron
film00798,avengers 52,director004,USA,416018,James Cameron
film00804,Interstellar 667,director004,China,858091,James Cameron
film00807,tik-tak boom 588,director004,Spain,516500,James Cameron
film00821,Bullet train 582,director004,Kazahstan,542590,James Cameron
film00826,X-man 959,director004,Japan,745037,James Cameron
film00835,X-man 630,director004,India,54015,James Cameron
film00840,Parasites 822,director004,Russia,667275,James Cameron
film00844,F1 849,director004,Portugal,468773,James Cameron
film00847,God father 697,director004,Argentina,367749,James Cameron
film00854,F1 764,director004,USA,171820,James Cameron
film00866,Parasites 131,director004,France,679818,James Cameron
film00869,Parasites 389,director004,Germany,265650,James Cameron
film00871,Lost City 283,director004,Japan,748362,James Cameron
film00878,Vanhelsing 450,director004,Norway,546928,James Cameron
film00884,tik-tak boom 534,director004,China,589730,James Cameron
film00893,avengers 870,director004,Norway,746635,James Cameron
film00901,God father 549,director004,Russia,693616,James Cameron
film00904,God father 193,director004,USA,688237,James Cameron
film00907,avengers 960,director004,Russia,425252,James Cameron
film00909,avengers 713,director004,USA,612344,James Cameron
film00910,Vanhelsing 938,director004,Finland,600829,James Cameron
film00916,X-man 937,director004,India,951561,James Cameron
film00918,F1 577,director004,Argentina,315777,James Cameron
film00921,Bullet train 157,director004,Argentina,190934,James Cameron
film00923,Obsession 854,director004,India,135159,James Cameron
film00932,Vanhelsing 141,director004,Finland,914762,James Cameron
film00942,Parasites 153,director004,Portugal,75675,James Cameron
film00946,Interstellar 579,director004,Norway,401209,James Cameron
film00961,F1 985,director004,India,287814,James Cameron
film00972,Interstellar 503,director004,Russia,5895,James Cameron
film00990,Parasites 927,director004,Japan,995535,James Cameron
film00998,X-man 258,director004,Kazahstan,198579,James Cameron
film00999,tik-tak boom 508,director004,France,995138,James Cameron
film00003,Lost City 755,director002,Spain,651318,Christopher Nolan
film00004,tik-tak boom 759,director002,Russia,844135,Christopher Nolan
film00016,Interstellar 550,director002,Finland,729716,Christopher Nolan
film00019,Obsession 197,director002,Germany,342716,Christopher Nolan
film00026,tik-tak boom 664,director002,France,715827,Christopher Nolan
film00041,Parasites 506,director002,Finland,444681,Christopher Nolan
film00042,F1 882,director002,Kazahstan,396303,Christopher Nolan
film00044,tik-tak boom 433,director002,Portugal,503514,Christopher Nolan
film00047,tik-tak boom 739,director002,Spain,726309,Christopher Nolan
film00049,tik-tak boom 349,director002,USA,830130,Christopher Nolan
film00053,Parasites 935,director002,UK,115682,Christopher Nolan
film00060,avengers 900,director002,Norway,420029,Christopher Nolan
film00080,Vanhelsing 195,director002,Finland,149557,Christopher Nolan
film00084,tik-tak boom 670,director002,Argentina,507384,Christopher Nolan
film00090,God father 454,director002,USA,850541,Christopher Nolan
film00104,F1 984,director002,Norway,690237,Christopher Nolan
film00105,Lost City 71,director002,Russia,415798,Christopher Nolan
film00114,Interstellar 324,director002,Kazahstan,835674,Christopher Nolan
film00115,F1 470,director002,UK,606393,Christopher Nolan
film00118,X-man 903,director002,France,384561,Christopher Nolan
film00124,Bullet train 119,director002,China,626969,Christopher Nolan
film00134,Parasites 10,director002,UK,705758,Christopher Nolan
film00148,Bullet train 164,director002,France,582868,Christopher Nolan
film00154,X-man 286,director002,Spain,377479,Christopher Nolan
film00161,Vanhelsing 621,director002,India,436820,Christopher Nolan
film00165,X-man 442,director002,Portugal,33359,Christopher Nolan
film00167,Obsession 322,director002,Germany,307278,Christopher Nolan
film00180,Lost City 675,director002,Spain,794547,Christopher Nolan
film00186,Obsession 871,director002,Norway,788842,Christopher Nolan
film00200,Bullet train 451,director002,Russia,175044,Christopher Nolan
film00202,X-man 328,director002,Kazahstan,217656,Christopher Nolan
film00225,Bullet train 855,director002,Norway,412776,Christopher Nolan
film00227,X-man 230,director002,Portugal,664121,Christopher Nolan
film00231,Lost City 485,director002,Norway,834197,Christopher Nolan
film00234,X-man 172,director002,Finland,292740,Christopher Nolan
film00241,tik-tak boom 615,director002,UK,767437,Christopher Nolan
film00244,tik-tak boom 380,director002,China,892401,Christopher Nolan
film00289,God father 842,director002,Russia,728744,Christopher Nolan
film00290,Vanhelsing 504,director002,France,501905,Christopher Nolan
film00293,God father 255,director002,Finland,846106,Christopher Nolan
film00299,Obsession 984,director002,Spain,140613,Christopher Nolan
film00301,Bullet train 677,director002,France,72734,Christopher Nolan
film00344,Parasites 418,director002,Russia,384162,Christopher Nolan
film00345,avengers 862,director002,Argentina,717116,Christopher Nolan
film00346,Interstellar 970,director002,France,800776,Christopher Nolan
film00377,Parasites 37,director002,Russia,122620,Christopher Nolan
film00379,avengers 765,director002,Portugal,58701,Christopher Nolan
film00380,Vanhelsing 101,director002,Japan,699435,Christopher Nolan
film00387,Lost City 180,director002,China,549410,Christopher Nolan
film00418,God father 480,director002,France,188654,Christopher Nolan
film00421,Parasites 375,director002,Finland,777644,Christopher Nolan
film00428,Obsession 227,director002,China,126200,Christopher Nolan
film00437,Vanhelsing 671,director002,China,91581,Christopher Nolan
film00445,avengers 992,director002,Portugal,518326,Christopher Nolan
film00460,Parasites 117,director002,Japan,109998,Christopher Nolan
film00462,Parasites 608,director002,Germany,441208,Christopher Nolan
film00467,Vanhelsing 703,director002,Germany,941874,Christopher Nolan
film00469,God father 921,director002,Russia,735891,Christopher Nolan
film00475,God father 813,director002,Russia,79465,Christopher Nolan
film00479,Vanhelsing 426,director002,Germany,306844,Christopher Nolan
film00483,God father 94,director002,Finland,873310,Christopher Nolan
film00484,God father 443,director002,Finland,343099,Christopher Nolan
film00493,avengers 868,director002,India,330287,Christopher Nolan
film00508,Obsession 611,director002,Finland,261276,Christopher Nolan
film00510,Obsession 51,director002,Argentina,52328,Christopher Nolan
film00522,Bullet train 336,director002,Spain,819895,Christopher Nolan
film00536,Obsession 411,director002,Spain,870642,Christopher Nolan
film00539,Lost City 79,director002,India,54097,Christopher Nolan
film00544,Obsession 157,director002,USA,402320,Christopher Nolan
film00552,X-man 520,director002,Portugal,258724,Christopher Nolan
film00555,Bullet train 79,director002,Argentina,503300,Christopher Nolan
film00569,God father 338,director002,Portugal,527797,Christopher Nolan
film00574,Lost City 610,director002,USA,940277,Christopher Nolan
film00577,Lost City 687,director002,Kazahstan,495596,Christopher Nolan
film00599,X-man 568,director002,Portugal,591984,Christopher Nolan
film00600,Parasites 872,director002,France,591462,Christopher Nolan
film00607,avengers 396,director002,Germany,631889,Christopher Nolan
film00609,X-man 954,director002,Argentina,502207,Christopher Nolan
film00618,avengers 309,director002,France,616104,Christopher Nolan
film00627,Lost City 681,director002,China,317423,Christopher Nolan
film00633,X-man 808,director002,France,742535,Christopher Nolan
film00634,X-man 247,director002,Argentina,728250,Christopher Nolan
film00667,F1 130,director002,Finland,2343,Christopher Nolan
film00675,avengers 984,director002,India,828043,Christopher Nolan
film00681,Interstellar 205,director002,Spain,36035,Christopher Nolan
film00682,Lost City 874,director002,Japan,22053,Christopher Nolan
film00685,tik-tak boom 356,director002,China,179368,Christopher Nolan
film00689,Parasites 230,director002,UK,355366,Christopher Nolan
film00694,Obsession 906,director002,Portugal,933973,Christopher Nolan
film00697,Vanhelsing 844,director002,China,216535,Christopher Nolan
film00710,Obsession 547,director002,Russia,92884,Christopher Nolan
film00721,Bullet train 465,director002,India,513855,Christopher Nolan
film00728,Parasites 576,director002,USA,277085,Christopher Nolan
film00731,avengers 145,director002,Spain,282607,Christopher Nolan
film00739,Interstellar 24,director002,Portugal,239564,Christopher Nolan
film00751,Parasites 287,director002,Portugal,945195,Christopher Nolan
film00752,Lost City 999,director002,Argentina,840333,Christopher Nolan
film00772,F1 587,director002,Spain,290617,Christopher Nolan
film00792,Bullet train 979,director002,Portugal,497025,Christopher Nolan
film00806,tik-tak boom 61,director002,Japan,294964,Christopher Nolan
film00813,Obsession 618,director002,Kazahstan,866938,Christopher Nolan
film00817,Bullet train 198,director002,UK,198064,Christopher Nolan
film00824,God father 411,director002,Argentina,830937,Christopher Nolan
film00831,avengers 64,director002,France,203127,Christopher Nolan
film00841,avengers 697,director002,UK,715263,Christopher Nolan
film00843,God father 940,director002,China,513530,Christopher Nolan
film00848,Obsession 501,director002,China,172456,Christopher Nolan
film00856,Vanhelsing 353,director002,Kazahstan,225729,Christopher Nolan
film00857,Parasites 62,director002,Spain,233103,Christopher Nolan
film00874,avengers 212,director002,Russia,893952,Christopher Nolan
film00899,avengers 339,director002,Spain,842339,Christopher Nolan
film00930,Parasites 35,director002,UK,234049,Christopher Nolan
film00941,Lost City 110,director002,Portugal,609502,Christopher Nolan
film00947,avengers 308,director002,Argentina,313848,Christopher Nolan
film00954,Obsession 879,director002,China,905285,Christopher Nolan
film00957,Bullet train 48,director002,India,349787,Christopher Nolan
film00969,avengers 859,director002,Russia,665259,Christopher Nolan
film00976,avengers 731,director002,USA,936336,Christopher Nolan
film00985,God father 27,director002,France,108697,Christopher Nolan
film00986,X-man 568,director002,Russia,528786,Christopher Nolan
film00989,Vanhelsing 398,director002,Spain,48939,Christopher Nolan
film00997,Interstellar 802,director002,India,377701,Christopher Nolan
film00008,Parasites 204,director007,Spain,902259,Ridley Scott
film00013,God father 95,director007,India,330445,Ridley Scott
film00029,Lost City 474,director007,India,989780,Ridley Scott
film00039,Obsession 439,director007,Germany,265955,Ridley Scott
film00065,Parasites 894,director007,Germany,536482,Ridley Scott
film00081,God father 675,director007,China,328040,Ridley Scott
film00082,X-man 434,director007,China,478450,Ridley Scott
film00094,Interstellar 219,director007,UK,711032,Ridley Scott
film00095,F1 169,director007,Kazahstan,173337,Ridley Scott
film00097,Interstellar 293,director007,Argentina,183927,Ridley Scott
film00109,Obsession 84,director007,Portugal,451418,Ridley Scott
film00112,avengers 272,director007,Germany,292865,Ridley Scott
film00129,F1 95,director007,India,648351,Ridley Scott
film00133,Interstellar 565,director007,Portugal,619836,Ridley Scott
film00142,Parasites 906,director007,France,603727,Ridley Scott
film00145,Lost City 903,director007,Norway,564483,Ridley Scott
film00153,tik-tak boom 198,director007,Portugal,57215,Ridley Scott
film00155,Bullet train 360,director007,USA,509149,Ridley Scott
film00159,F1 112,director007,Norway,520013,Ridley Scott
film00163,Bullet train 46,director007,India,513438,Ridley Scott
film00172,Vanhelsing 681,director007,Portugal,779586,Ridley Scott
film00188,Vanhelsing 507,director007,Spain,34796,Ridley Scott
film00190,God father 798,director007,China,905081,Ridley Scott
film00195,Interstellar 628,director007,Germany,851083,Ridley Scott
film00205,avengers 66,director007,Portugal,368856,Ridley Scott
film00211,Bullet train 772,director007,Japan,999660,Ridley Scott
film00215,Vanhelsing 345,director007,Kazahstan,824856,Ridley Scott
film00219,God father 659,director007,France,736499,Ridley Scott
film00224,Vanhelsing 285,director007,Kazahstan,885532,Ridley Scott
film00237,Bullet train 590,director007,India,344187,Ridley Scott
film00243,X-man 546,director007,Norway,732160,Ridley Scott
film00246,F1 870,director007,Argentina,418035,Ridley Scott
film00247,Interstellar 109,director007,Germany,451513,Ridley Scott
film00256,Obsession 625,director007,Norway,800281,Ridley Scott
film00262,God father 248,director007,Spain,166657,Ridley Scott
film00294,Parasites 783,director007,UK,109214,Ridley Scott
film00297,Interstellar 305,director007,Russia,812032,Ridley Scott
film00316,Bullet train 717,director007,Russia,369611,Ridley Scott
film00325,Bullet train 186,director007,Finland,29127,Ridley Scott
film00331,Bullet train 679,director007,Finland,411780,Ridley Scott
film00334,X-man 119,director007,Kazahstan,251967,Ridley Scott
film00352,Parasites 149,director007,USA,995763,Ridley Scott
film00354,God father 283,director007,Argentina,301404,Ridley Scott
film00359,X-man 341,director007,UK,672652,Ridley Scott
film00364,Interstellar 723,director007,Argentina,966659,Ridley Scott
film00373,X-man 639,director007,Russia,766416,Ridley Scott
film00375,tik-tak boom 880,director007,USA,257355,Ridley Scott
film00385,avengers 544,director007,Finland,12901,Ridley Scott
film00388,Obsession 892,director007,Argentina,822021,Ridley Scott
film00396,Obsession 307,director007,USA,352284,Ridley Scott
film00399,God father 243,director007,UK,276722,Ridley Scott
film00401,Bullet train 23,director007,Norway,81813,Ridley Scott
film00412,X-man 766,director007,Argentina,3693,Ridley Scott
film00420,tik-tak boom 742,director007,Argentina,843127,Ridley Scott
film00430,Bullet train 665,director007,USA,189056,Ridley Scott
film00434,Parasites 139,director007,India,909100,Ridley Scott
film00435,Interstellar 380,director007,Japan,812102,Ridley Scott
film00438,Interstellar 631,director007,Argentina,479933,Ridley Scott
film00459,F1 130,director007,Finland,763540,Ridley Scott
film00466,F1 491,director007,USA,967026,Ridley Scott
film00474,Interstellar 518,director007,Norway,860793,Ridley Scott
film00487,tik-tak boom 126,director007,UK,990388,Ridley Scott
film00488,X-man 895,director007,Germany,143723,Ridley Scott
film00496,Obsession 232,director007,Kazahstan,218722,Ridley Scott
film00502,Lost City 580,director007,Japan,867529,Ridley Scott
film00511,Bullet train 454,director007,Norway,314357,Ridley Scott
film00518,F1 226,director007,India,107857,Ridley Scott
film00523,F1 510,director007,Germany,138064,Ridley Scott
film00524,Lost City 133,director007,Germany,864684,Ridley Scott
film00530,Obsession 440,director007,Spain,79629,Ridley Scott
film00534,X-man 91,director007,Kazahstan,136047,Ridley Scott
film00535,God father 250,director007,UK,950043,Ridley Scott
film00556,Obsession 609,director007,USA,92982,Ridley Scott
film00570,Parasites 695,director007,China,408247,Ridley Scott
film00573,X-man 318,director007,Portugal,230659,Ridley Scott
film00575,Bullet train 573,director007,Kazahstan,817356,Ridley Scott
film00578,tik-tak boom 687,director007,Argentina,375795,Ridley Scott
film00588,Interstellar 45,director007,Spain,837124,Ridley Scott
film00595,Vanhelsing 515,director007,China,959377,Ridley Scott
film00616,Parasites 963,director007,Spain,340307,Ridley Scott
film00619,F1 245,director007,Finland,962779,Ridley Scott
film00624,Lost City 299,director007,China,739761,Ridley Scott
film00626,avengers 585,director007,Portugal,106939,Ridley Scott
film00631,F1 651,director007,Norway,511866,Ridley Scott
film00649,Vanhelsing 911,director007,China,966778,Ridley Scott
film00650,Interstellar 917,director007,Kazahstan,642079,Ridley Scott
film00654,God father 745,director007,China,782549,Ridley Scott
film00659,Interstellar 618,director007,Finland,703571,Ridley Scott
film00662,X-man 630,director007,USA,279095,Ridley Scott
film00664,God father 688,director007,Finland,72087,Ridley Scott
film00673,Parasites 376,director007,Argentina,394580,Ridley Scott
film00677,Interstellar 531,director007,Norway,796075,Ridley Scott
film00695,God father 317,director007,Russia,165735,Ridley Scott
film00696,Interstellar 539,director007,USA,107176,Ridley Scott
film00716,tik-tak boom 216,director007,France,670191,Ridley Scott
film00720,Interstellar 251,director007,Kazahstan,417774,Ridley Scott
film00726,X-man 999,director007,Russia,388345,Ridley Scott
film00732,F1 298,director007,Portugal,65633,Ridley Scott
film00755,Lost City 204,director007,UK,996365,Ridley Scott
film00765,tik-tak boom 113,director007,Spain,624952,Ridley Scott
film00770,Lost City 537,director007,Argentina,417656,Ridley Scott
film00779,tik-tak boom 490,director007,Russia,157911,Ridley Scott
film00789,Bullet train 125,director007,Russia,277967,Ridley Scott
film00810,F1 857,director007,Spain,240030,Ridley Scott
film00822,Lost City 626,director007,Spain,393073,Ridley Scott
film00827,F1 268,director007,Argentina,423979,Ridley Scott
film00838,Obsession 383,director007,China,864508,Ridley Scott
film00850,Interstellar 136,director007,Japan,786342,Ridley Scott
film00860,tik-tak boom 747,director007,Japan,684238,Ridley Scott
film00861,X-man 913,director007,Russia,539214,Ridley Scott
film00862,Interstellar 891,director007,USA,907630,Ridley Scott
film00865,God father 183,director007,India,956793,Ridley Scott
film00868,Bullet train 475,director007,Kazahstan,9874,Ridley Scott
film00872,God father 33,director007,Finland,674962,Ridley Scott
film00887,tik-tak boom 696,director007,Japan,718659,Ridley Scott
film00889,X-man 965,director007,UK,353618,Ridley Scott
film00890,Parasites 327,director007,Japan,672712,Ridley Scott
film00896,Parasites 423,director007,Argentina,803658,Ridley Scott
film00902,F1 275,director007,China,714824,Ridley Scott
film00917,X-man 321,director007,Norway,376911,Ridley Scott
film00920,Parasites 958,director007,Spain,690558,Ridley Scott
film00922,X-man 236,director007,Japan,103344,Ridley Scott
film00937,F1 545,director007,Japan,487288,Ridley Scott
film00940,Parasites 833,director007,Spain,666213,Ridley Scott
film00944,X-man 274,director007,Germany,525788,Ridley Scott
film00945,God father 383,director007,UK,910637,Ridley Scott
film00949,God father 416,director007,Spain,896735,Ridley Scott
film00962,Obsession 148,director007,Germany,799169,Ridley Scott
film00964,Obsession 247,director007,Portugal,802619,Ridley Scott
film00968,F1 101,director007,France,645328,Ridley Scott
film00970,X-man 620,director007,Russia,423988,Ridley Scott
film00973,X-man 567,director007,USA,560711,Ridley Scott
film00974,Vanhelsing 191,director007,Germany,767151,Ridley Scott
film00983,God father 192,director007,Finland,920585,Ridley Scott
film00984,Interstellar 571,director007,China,328252,Ridley Scott
film00995,God father 172,director007,Norway,141288,Ridley Scott
film00009,avengers 460,director005,Norway,624266,Martin Scorsese
film00011,Vanhelsing 349,director005,China,633512,Martin Scorsese
film00017,Vanhelsing 81,director005,Norway,515858,Martin Scorsese
film00022,God father 390,director005,Russia,383746,Martin Scorsese
film00025,avengers 687,director005,Portugal,573133,Martin Scorsese
film00033,X-man 411,director005,Finland,73518,Martin Scorsese
film00038,avengers 763,director005,Norway,318543,Martin Scorsese
film00048,tik-tak boom 907,director005,Russia,571053,Martin Scorsese
film00051,Interstellar 4,director005,Kazahstan,563986,Martin Scorsese
film00064,Parasites 170,director005,UK,272306,Martin Scorsese
film00096,F1 400,director005,Finland,256761,Martin Scorsese
film00099,Lost City 195,director005,China,588044,Martin Scorsese
film00113,Lost City 688,director005,Kazahstan,738945,Martin Scorsese
film00119,avengers 379,director005,China,207647,Martin Scorsese
film00120,Lost City 449,director005,India,120490,Martin Scorsese
film00122,tik-tak boom 837,director005,Spain,514261,Martin Scorsese
film00125,Parasites 160,director005,Russia,642003,Martin Scorsese
film00127,X-man 209,director005,UK,365825,Martin Scorsese
film00128,Parasites 501,director005,China,887589,Martin Scorsese
film00151,Interstellar 359,director005,France,330861,Martin Scorsese
film00157,F1 119,director005,Spain,403594,Martin Scorsese
film00158,Lost City 595,director005,Argentina,530990,Martin Scorsese
film00168,Bullet train 520,director005,USA,289204,Martin Scorsese
film00170,Vanhelsing 714,director005,Japan,177379,Martin Scorsese
film00174,Obsession 583,director005,India,577429,Martin Scorsese
film00197,Interstellar 461,director005,Finland,368663,Martin Scorsese
film00198,avengers 861,director005,Spain,746279,Martin Scorsese
film00201,Bullet train 241,director005,Portugal,146998,Martin Scorsese
film00213,Interstellar 225,director005,Norway,855779,Martin Scorsese
film00221,Lost City 52,director005,Germany,154347,Martin Scorsese
film00233,Interstellar 717,director005,Russia,541659,Martin Scorsese
film00235,Lost City 988,director005,Finland,982819,Martin Scorsese
film00240,God father 714,director005,Spain,769316,Martin Scorsese
film00250,Parasites 989,director005,China,869581,Martin Scorsese
film00252,Interstellar 447,director005,Argentina,607007,Martin Scorsese
film00259,avengers 364,director005,Kazahstan,878345,Martin Scorsese
film00260,X-man 287,director005,India,18072,Martin Scorsese
film00272,Bullet train 314,director005,China,697787,Martin Scorsese
film00276,Bullet train 742,director005,Finland,734417,Martin Scorsese
film00280,Parasites 130,director005,UK,2139,Martin Scorsese
film00292,Lost City 153,director005,Russia,94670,Martin Scorsese
film00305,Obsession 482,director005,India,369247,Martin Scorsese
film00306,F1 238,director005,Finland,224404,Martin Scorsese
film00311,tik-tak boom 153,director005,Spain,228797,Martin Scorsese
film00313,Lost City 812,director005,UK,147814,Martin Scorsese
film00314,Obsession 767,director005,Kazahstan,130139,Martin Scorsese
film00322,tik-tak boom 842,director005,Portugal,630153,Martin Scorsese
film00333,God father 323,director005,USA,822875,Martin Scorsese
film00348,Interstellar 956,director005,UK,18500,Martin Scorsese
film00349,Parasites 723,director005,Portugal,71813,Martin Scorsese
film00355,X-man 957,director005,Norway,748245,Martin Scorsese
film00356,F1 290,director005,Argentina,805373,Martin Scorsese
film00372,God father 481,director005,Japan,733614,Martin Scorsese
film00378,avengers 647,director005,India,643039,Martin Scorsese
film00381,Interstellar 171,director005,Finland,691017,Martin Scorsese
film00391,avengers 473,director005,China,134096,Martin Scorsese
film00393,Interstellar 923,director005,Spain,282819,Martin Scorsese
film00397,Bullet train 468,director005,Kazahstan,451179,Martin Scorsese
film00400,Obsession 368,director005,Finland,605663,Martin Scorsese
film00411,Lost City 93,director005,Germany,777764,Martin Scorsese
film00415,Parasites 514,director005,Germany,49215,Martin Scorsese
film00422,Vanhelsing 15,director005,Norway,440740,Martin Scorsese
film00424,X-man 689,director005,Germany,437476,Martin Scorsese
film00444,F1 408,director005,India,387162,Martin Scorsese
film00453,Obsession 3,director005,China,667833,Martin Scorsese
film00454,Lost City 134,director005,Spain,728146,Martin Scorsese
film00458,F1 179,director005,Russia,891247,Martin Scorsese
film00464,Obsession 45,director005,France,747221,Martin Scorsese
film00471,God father 130,director005,Finland,90026,Martin Scorsese
film00473,Vanhelsing 612,director005,Argentina,140999,Martin Scorsese
film00489,F1 992,director005,Kazahstan,808557,Martin Scorsese
film00495,God father 781,director005,Argentina,376691,Martin Scorsese
film00498,Obsession 952,director005,India,278880,Martin Scorsese
film00499,F1 185,director005,Spain,126738,Martin Scorsese
film00515,Vanhelsing 114,director005,India,583959,Martin Scorsese
film00517,Parasites 684,director005,Germany,100326,Martin Scorsese
film00521,Lost City 783,director005,USA,65664,Martin Scorsese
film00531,tik-tak boom 428,director005,USA,68603,Martin Scorsese
film00537,Vanhelsing 892,director005,Kazahstan,348655,Martin Scorsese
film00550,Interstellar 647,director005,France,37332,Martin Scorsese
film00565,X-man 382,director005,Finland,377556,Martin Scorsese
film00583,Lost City 80,director005,Japan,560614,Martin Scorsese
film00590,Interstellar 626,director005,Spain,887278,Martin Scorsese
film00594,Interstellar 788,director005,Finland,732514,Martin Scorsese
film00597,Obsession 142,director005,Finland,735591,Martin Scorsese
film00611,Lost City 40,director005,Portugal,212250,Martin Scorsese
film00614,God father 20,director005,France,964411,Martin Scorsese
film00617,God father 795,director005,USA,23977,Martin Scorsese
film00643,F1 324,director005,USA,995876,Martin Scorsese
film00647,tik-tak boom 340,director005,Portugal,34955,Martin Scorsese
film00653,X-man 947,director005,India,148475,Martin Scorsese
film00658,tik-tak boom 303,director005,UK,862574,Martin Scorsese
film00674,X-man 666,director005,UK,870067,Martin Scorsese
film00678,Parasites 121,director005,Norway,237540,Martin Scorsese
film00680,avengers 627,director005,UK,839016,Martin Scorsese
film00686,Parasites 556,director005,Russia,169720,Martin Scorsese
film00706,X-man 971,director005,Portugal,577363,Martin Scorsese
film00708,tik-tak boom 980,director005,France,58152,Martin Scorsese
film00709,Lost City 641,director005,China,5000,Martin Scorsese
film00715,God father 47,director005,USA,218005,Martin Scorsese
film00718,Interstellar 911,director005,India,885756,Martin Scorsese
film00719,tik-tak boom 980,director005,UK,324331,Martin Scorsese
film00738,Interstellar 901,director005,Russia,794202,Martin Scorsese
film00742,F1 52,director005,Spain,548967,Martin Scorsese
film00749,X-man 567,director005,Spain,750003,Martin Scorsese
film00761,Lost City 403,director005,Russia,83175,Martin Scorsese
film00767,Obsession 486,director005,Finland,959580,Martin Scorsese
film00782,Parasites 363,director005,Kazahstan,986294,Martin Scorsese
film00784,avengers 286,director005,UK,591016,Martin Scorsese
film00785,avengers 965,director005,Kazahstan,106896,Martin Scorsese
film00788,X-man 574,director005,China,921538,Martin Scorsese
film00795,avengers 207,director005,France,649276,Martin Scorsese
film00796,Parasites 713,director005,Portugal,714884,Martin Scorsese
film00805,Bullet train 329,director005,Kazahstan,318776,Martin Scorsese
film00811,Interstellar 191,director005,France,316076,Martin Scorsese
film00812,F1 10,director005,Finland,465635,Martin Scorsese
film00828,avengers 458,director005,France,819430,Martin Scorsese
film00833,Vanhelsing 703,director005,Spain,61426,Martin Scorsese
film00834,God father 655,director005,Germany,35677,Martin Scorsese
film00852,Parasites 474,director005,UK,299916,Martin Scorsese
film00853,F1 406,director005,USA,406343,Martin Scorsese
film00858,Interstellar 33,director005,Norway,237047,Martin Scorsese
film00880,Lost City 516,director005,Russia,613879,Martin Scorsese
film00885,Vanhelsing 308,director005,Norway,623615,Martin Scorsese
film00891,Vanhelsing 153,director005,China,904339,Martin Scorsese
film00898,Vanhelsing 249,director005,USA,845554,Martin Scorsese
film00911,Parasites 330,director005,Spain,200140,Martin Scorsese
film00919,Lost City 17,director005,Spain,179243,Martin Scorsese
film00938,F1 18,director005,Spain,124502,Martin Scorsese
film00943,avengers 635,director005,India,933630,Martin Scorsese
film00958,tik-tak boom 948,director005,Norway,186413,Martin Scorsese
film00971,X-man 31,director005,Russia,501590,Martin Scorsese
film00975,God father 791,director005,China,997219,Martin Scorsese
film00988,Vanhelsing 13,director005,France,69458,Martin Scorsese
film00993,Lost City 276,director005,Portugal,550577,Martin Scorsese
film00996,Bullet train 432,director005,China,946169,Martin Scorsese
film00010,F1 778,director003,France,316029,Quentin Tarantino
film00027,Obsession 651,director003,Kazahstan,577820,Quentin Tarantino
film00037,Lost City 272,director003,India,146939,Quentin Tarantino
film00040,X-man 225,director003,Norway,162630,Quentin Tarantino
film00043,Lost City 643,director003,UK,471880,Quentin Tarantino
film00050,Bullet train 446,director003,China,736716,Quentin Tarantino
film00052,Parasites 781,director003,Portugal,670180,Quentin Tarantino
film00055,Lost City 383,director003,Norway,697982,Quentin Tarantino
film00062,God father 779,director003,Kazahstan,452365,Quentin Tarantino
film00077,avengers 553,director003,Russia,966264,Quentin Tarantino
film00088,Lost City 433,director003,India,335400,Quentin Tarantino
film00103,Obsession 489,director003,France,196440,Quentin Tarantino
film00117,Parasites 272,director003,Spain,563968,Quentin Tarantino
film00123,tik-tak boom 107,director003,Argentina,671153,Quentin Tarantino
film00131,X-man 790,director003,Norway,741282,Quentin Tarantino
film00132,tik-tak boom 269,director003,Kazahstan,312893,Quentin Tarantino
film00135,God father 968,director003,France,329399,Quentin Tarantino
film00137,Obsession 566,director003,Japan,123629,Quentin Tarantino
film00143,Obsession 768,director003,Russia,444588,Quentin Tarantino
film00144,avengers 886,director003,France,511310,Quentin Tarantino
film00173,tik-tak boom 767,director003,Kazahstan,804124,Quentin Tarantino
film00193,God father 468,director003,UK,814308,Quentin Tarantino
film00196,Parasites 457,director003,Finland,617482,Quentin Tarantino
film00204,Vanhelsing 711,director003,Kazahstan,63241,Quentin Tarantino
film00249,Lost City 446,director003,India,282581,Quentin Tarantino
film00274,X-man 123,director003,USA,416594,Quentin Tarantino
film00282,Parasites 300,director003,UK,140145,Quentin Tarantino
film00302,Lost City 246,director003,Argentina,591653,Quentin Tarantino
film00303,Parasites 77,director003,USA,640966,Quentin Tarantino
film00323,Obsession 42,director003,Finland,638107,Quentin Tarantino
film00329,tik-tak boom 108,director003,Argentina,637408,Quentin Tarantino
film00340,avengers 274,director003,USA,379638,Quentin Tarantino
film00347,tik-tak boom 853,director003,India,808788,Quentin Tarantino
film00353,avengers 944,director003,Kazahstan,418307,Quentin Tarantino
film00365,Vanhelsing 680,director003,Germany,848312,Quentin Tarantino
film00370,F1 740,director003,Norway,715138,Quentin Tarantino
film00371,Vanhelsing 892,director003,Norway,70326,Quentin Tarantino
film00384,X-man 442,director003,Finland,144876,Quentin Tarantino
film00386,Obsession 699,director003,France,521526,Quentin Tarantino
film00390,Interstellar 935,director003,Japan,176073,Quentin Tarantino
film00394,tik-tak boom 560,director003,Finland,930473,Quentin Tarantino
film00407,Obsession 257,director003,France,268508,Quentin Tarantino
film00413,Lost City 206,director003,USA,901400,Quentin Tarantino
film00436,Obsession 761,director003,Spain,326790,Quentin Tarantino
film00452,X-man 793,director003,Germany,568851,Quentin Tarantino
film00470,X-man 623,director003,China,481728,Quentin Tarantino
film00485,X-man 832,director003,China,475751,Quentin Tarantino
film00501,X-man 7,director003,Kazahstan,720380,Quentin Tarantino
film00509,F1 160,director003,China,416492,Quentin Tarantino
film00541,X-man 360,director003,Portugal,455197,Quentin Tarantino
film00542,avengers 106,director003,Spain,760620,Quentin Tarantino
film00543,Bullet train 203,director003,Russia,521226,Quentin Tarantino
film00548,tik-tak boom 324,director003,France,289339,Quentin Tarantino
film00562,God father 517,director003,Kazahstan,571065,Quentin Tarantino
film00564,Interstellar 537,director003,Russia,820898,Quentin Tarantino
film00571,Bullet train 259,director003,Japan,189550,Quentin Tarantino
film00572,X-man 84,director003,USA,335367,Quentin Tarantino
film00580,X-man 317,director003,Germany,168378,Quentin Tarantino
film00582,avengers 232,director003,Norway,253867,Quentin Tarantino
film00585,tik-tak boom 345,director003,Finland,59624,Quentin Tarantino
film00586,Obsession 386,director003,Kazahstan,994842,Quentin Tarantino
film00587,Lost City 186,director003,Germany,604656,Quentin Tarantino
film00601,Bullet train 86,director003,Germany,878340,Quentin Tarantino
film00602,Bullet train 461,director003,Kazahstan,925452,Quentin Tarantino
film00610,tik-tak boom 344,director003,USA,348848,Quentin Tarantino
film00612,Interstellar 713,director003,Kazahstan,137828,Quentin Tarantino
film00615,avengers 856,director003,Kazahstan,886296,Quentin Tarantino
film00637,Parasites 347,director003,Norway,618558,Quentin Tarantino
film00639,tik-tak boom 187,director003,Russia,322727,Quentin Tarantino
film00651,X-man 998,director003,Germany,671718,Quentin Tarantino
film00655,God father 441,director003,UK,250556,Quentin Tarantino
film00665,X-man 526,director003,China,270125,Quentin Tarantino
film00672,God father 588,director003,Russia,369292,Quentin Tarantino
film00676,F1 754,director003,Spain,607135,Quentin Tarantino
film00687,Bullet train 872,director003,Finland,79645,Quentin Tarantino
film00690,avengers 812,director003,Portugal,644453,Quentin Tarantino
film00693,Interstellar 823,director003,Norway,174012,Quentin Tarantino
film00701,Lost City 900,director003,Finland,567362,Quentin Tarantino
film00703,God father 531,director003,Japan,312847,Quentin Tarantino
film00704,Bullet train 169,director003,Germany,101575,Quentin Tarantino
film00711,Parasites 657,director003,Japan,864918,Quentin Tarantino
film00712,Obsession 965,director003,Norway,656455,Quentin Tarantino
film00724,avengers 349,director003,Argentina,407351,Quentin Tarantino
film00736,avengers 782,director003,Norway,361491,Quentin Tarantino
film00745,God father 442,director003,India,601534,Quentin Tarantino
film00759,Lost City 621,director003,Kazahstan,203087,Quentin Tarantino
film00774,X-man 429,director003,Spain,13964,Quentin Tarantino
film00777,F1 723,director003,Argentina,820656,Quentin Tarantino
film00780,X-man 980,director003,France,595116,Quentin Tarantino
film00801,Interstellar 103,director003,Finland,499302,Quentin Tarantino
film00802,F1 988,director003,Japan,941605,Quentin Tarantino
film00809,Lost City 428,director003,Norway,103988,Quentin Tarantino
film00819,tik-tak boom 264,director003,Spain,427949,Quentin Tarantino
film00832,Interstellar 315,director003,Spain,211477,Quentin Tarantino
film00836,avengers 981,director003,China,739862,Quentin Tarantino
film00845,Obsession 550,director003,France,913765,Quentin Tarantino
film00859,Vanhelsing 185,director003,Norway,217773,Quentin Tarantino
film00863,Vanhelsing 83,director003,Kazahstan,805858,Quentin Tarantino
film00883,avengers 310,director003,Spain,881152,Quentin Tarantino
film00886,F1 571,director003,Portugal,297408,Quentin Tarantino
film00894,Bullet train 879,director003,Norway,314305,Quentin Tarantino
film00897,Parasites 543,director003,Germany,944390,Quentin Tarantino
film00933,God father 725,director003,Japan,441897,Quentin Tarantino
film00963,God father 307,director003,Kazahstan,177795,Quentin Tarantino
film00966,Vanhelsing 774,director003,Kazahstan,801660,Quentin Tarantino
film00977,God father 275,director003,China,794612,Quentin Tarantino
film00978,Vanhelsing 729,director003,Spain,557829,Quentin Tarantino
film00982,Bullet train 105,director003,Germany,238256,Quentin Tarantino
film00991,Obsession 534,director003,Japan,479073,Quentin Tarantino
film00992,tik-tak boom 390,director003,Finland,546561,Quentin Tarantino
film00994,Bullet train 505,director003,China,455730,Quentin Tarantino
film01000,Interstellar 110,director003,Kazahstan,423986,Quentin Tarantino
film00012,Lost City 221,director006,Finland,211608,Alfred Hitchcock
film00014,God father 368,director006,France,418584,Alfred Hitchcock
film00018,tik-tak boom 634,director006,Portugal,820959,Alfred Hitchcock
film00023,Interstellar 651,director006,UK,978343,Alfred Hitchcock
film00024,Lost City 380,director006,Portugal,210505,Alfred Hitchcock
film00034,God father 217,director006,Spain,889970,Alfred Hitchcock
film00058,F1 115,director006,USA,591579,Alfred Hitchcock
film00067,Bullet train 409,director006,Argentina,609717,Alfred Hitchcock
film00085,F1 413,director006,China,500292,Alfred Hitchcock
film00110,tik-tak boom 598,director006,Russia,5666,Alfred Hitchcock
film00111,Bullet train 210,director006,Finland,226230,Alfred Hitchcock
film00136,Parasites 37,director006,UK,251161,Alfred Hitchcock
film00141,tik-tak boom 106,director006,Russia,626397,Alfred Hitchcock
film00146,F1 184,director006,Finland,964810,Alfred Hitchcock
film00156,tik-tak boom 864,director006,France,205607,Alfred Hitchcock
film00160,X-man 747,director006,Russia,718956,Alfred Hitchcock
film00166,tik-tak boom 943,director006,Kazahstan,799025,Alfred Hitchcock
film00169,tik-tak boom 419,director006,Germany,564723,Alfred Hitchcock
film00177,Vanhelsing 805,director006,Japan,813764,Alfred Hitchcock
film00181,Bullet train 528,director006,USA,797922,Alfred Hitchcock
film00194,Interstellar 684,director006,Kazahstan,249455,Alfred Hitchcock
film00210,F1 966,director006,Japan,601556,Alfred Hitchcock
film00223,Interstellar 335,director006,Spain,260579,Alfred Hitchcock
film00245,Parasites 664,director006,UK,835328,Alfred Hitchcock
film00268,Bullet train 680,director006,France,917899,Alfred Hitchcock
film00269,Interstellar 567,director006,Japan,98874,Alfred Hitchcock
film00270,Vanhelsing 764,director006,Norway,378943,Alfred Hitchcock
film00278,Bullet train 233,director006,Russia,688326,Alfred Hitchcock
film00286,Interstellar 452,director006,USA,730386,Alfred Hitchcock
film00319,Vanhelsing 753,director006,Germany,291421,Alfred Hitchcock
film00327,God father 482,director006,Norway,919371,Alfred Hitchcock
film00328,Vanhelsing 342,director006,Japan,216425,Alfred Hitchcock
film00360,Interstellar 956,director006,Argentina,564772,Alfred Hitchcock
film00363,Vanhelsing 45,director006,Japan,83860,Alfred Hitchcock
film00367,Lost City 515,director006,China,410711,Alfred Hitchcock
film00374,tik-tak boom 83,director006,Spain,251229,Alfred Hitchcock
film00382,F1 48,director006,Finland,185178,Alfred Hitchcock
film00383,F1 301,director006,UK,14280,Alfred Hitchcock
film00395,God father 453,director006,UK,809903,Alfred Hitchcock
film00405,Obsession 822,director006,Spain,595423,Alfred Hitchcock
film00410,F1 594,director006,Finland,121936,Alfred Hitchcock
film00414,Parasites 898,director006,Spain,13884,Alfred Hitchcock
film00417,Bullet train 765,director006,Russia,965927,Alfred Hitchcock
film00425,Obsession 391,director006,Finland,336476,Alfred Hitchcock
film00427,Interstellar 26,director006,UK,600298,Alfred Hitchcock
film00439,Bullet train 34,director006,USA,387839,Alfred Hitchcock
film00441,avengers 876,director006,Portugal,823615,Alfred Hitchcock
film00442,God father 703,director006,Japan,776501,Alfred Hitchcock
film00443,Parasites 924,director006,Portugal,255367,Alfred Hitchcock
film00448,F1 806,director006,Argentina,798423,Alfred Hitchcock
film00456,Lost City 16,director006,China,2533,Alfred Hitchcock
film00457,avengers 603,director006,Kazahstan,690233,Alfred Hitchcock
film00461,Interstellar 460,director006,Germany,556550,Alfred Hitchcock
film00472,Obsession 649,director006,Portugal,101219,Alfred Hitchcock
film00480,X-man 438,director006,Japan,893247,Alfred Hitchcock
film00481,tik-tak boom 262,director006,China,972025,Alfred Hitchcock
film00486,Parasites 62,director006,Japan,245959,Alfred Hitchcock
film00490,Obsession 320,director006,Portugal,115266,Alfred Hitchcock
film00494,X-man 866,director006,Russia,127601,Alfred Hitchcock
film00500,Bullet train 944,director006,UK,166271,Alfred Hitchcock
film00506,X-man 162,director006,Spain,344716,Alfred Hitchcock
film00507,Bullet train 739,director006,France,96643,Alfred Hitchcock
film00514,Parasites 117,director006,Russia,897114,Alfred Hitchcock
film00526,Parasites 573,director006,Norway,661914,Alfred Hitchcock
film00529,God father 883,director006,Japan,962993,Alfred Hitchcock
film00538,X-man 227,director006,UK,45770,Alfred Hitchcock
film00547,tik-tak boom 947,director006,Germany,953426,Alfred Hitchcock
film00554,F1 59,director006,India,433005,Alfred Hitchcock
film00561,Interstellar 106,director006,Germany,662393,Alfred Hitchcock
film00566,Vanhelsing 419,director006,India,571968,Alfred Hitchcock
film00568,tik-tak boom 663,director006,China,958011,Alfred Hitchcock
film00576,tik-tak boom 811,director006,Japan,62437,Alfred Hitchcock
film00604,Interstellar 906,director006,Japan,185084,Alfred Hitchcock
film00606,Vanhelsing 515,director006,UK,59896,Alfred Hitchcock
film00625,F1 630,director006,Norway,415812,Alfred Hitchcock
film00628,Parasites 999,director006,China,144079,Alfred Hitchcock
film00635,Obsession 753,director006,Portugal,826220,Alfred Hitchcock
film00636,Lost City 46,director006,China,235081,Alfred Hitchcock
film00648,God father 819,director006,France,632650,Alfred Hitchcock
film00656,Parasites 301,director006,China,336039,Alfred Hitchcock
film00657,God father 82,director006,France,668090,Alfred Hitchcock
film00668,avengers 798,director006,USA,405684,Alfred Hitchcock
film00684,God father 830,director006,UK,78804,Alfred Hitchcock
film00688,tik-tak boom 179,director006,Argentina,988584,Alfred Hitchcock
film00692,F1 370,director006,USA,453275,Alfred Hitchcock
film00698,Lost City 996,director006,Germany,430161,Alfred Hitchcock
film00700,Interstellar 697,director006,Finland,971534,Alfred Hitchcock
film00713,Lost City 675,director006,Portugal,504660,Alfred Hitchcock
film00725,X-man 883,director006,France,390043,Alfred Hitchcock
film00727,Lost City 779,director006,France,468429,Alfred Hitchcock
film00734,Lost City 834,director006,Finland,700891,Alfred Hitchcock
film00735,Obsession 739,director006,UK,90870,Alfred Hitchcock
film00741,avengers 221,director006,Spain,406910,Alfred Hitchcock
film00746,Bullet train 745,director006,Germany,500397,Alfred Hitchcock
film00753,Vanhelsing 383,director006,Portugal,711446,Alfred Hitchcock
film00754,Parasites 962,director006,Portugal,155610,Alfred Hitchcock
film00757,F1 141,director006,France,996163,Alfred Hitchcock
film00760,X-man 954,director006,France,45748,Alfred Hitchcock
film00764,F1 378,director006,Norway,156061,Alfred Hitchcock
film00778,Parasites 213,director006,Russia,118984,Alfred Hitchcock
film00781,Interstellar 935,director006,Portugal,611981,Alfred Hitchcock
film00790,Vanhelsing 839,director006,Russia,687594,Alfred Hitchcock
film00800,God father 424,director006,Germany,52685,Alfred Hitchcock
film00820,F1 755,director006,Finland,508993,Alfred Hitchcock
film00823,Vanhelsing 528,director006,Spain,59936,Alfred Hitchcock
film00830,Bullet train 670,director006,Portugal,31354,Alfred Hitchcock
film00842,Parasites 458,director006,USA,254690,Alfred Hitchcock
film00864,tik-tak boom 881,director006,Norway,10330,Alfred Hitchcock
film00870,avengers 472,director006,Portugal,845193,Alfred Hitchcock
film00881,avengers 836,director006,UK,8704,Alfred Hitchcock
film00882,Obsession 613,director006,Argentina,695530,Alfred Hitchcock
film00900,Interstellar 868,director006,Kazahstan,630180,Alfred Hitchcock
film00905,Interstellar 214,director006,India,310963,Alfred Hitchcock
film00912,Vanhelsing 478,director006,China,762842,Alfred Hitchcock
film00913,Bullet train 268,director006,Finland,234164,Alfred Hitchcock
film00924,Interstellar 564,director006,Finland,272216,Alfred Hitchcock
film00927,Interstellar 173,director006,France,993921,Alfred Hitchcock
film00953,Vanhelsing 661,director006,India,151181,Alfred Hitchcock
film00960,Lost City 952,director006,USA,5942,Alfred Hitchcock
film00965,tik-tak boom 919,director006,France,514358,Alfred Hitchcock
film00967,God father 513,director006,Kazahstan,93318,Alfred Hitchcock
film00979,Vanhelsing 325,director006,Germany,19786,Alfred Hitchcock
film00981,Bullet train 456,director006,Norway,770238,Alfred Hitchcock
film00987,Obsession 613,director006,Portugal,321984,Alfred Hitchcock
film00035,avengers 672,director008,Kazahstan,834665,Peter Jackson
film00036,Vanhelsing 906,director008,Russia,706668,Peter Jackson
film00045,Vanhelsing 391,director008,Portugal,421274,Peter Jackson
film00057,Obsession 332,director008,Norway,643439,Peter Jackson
film00061,God father 750,director008,Kazahstan,348704,Peter Jackson
film00063,Lost City 676,director008,UK,12060,Peter Jackson
film00068,Interstellar 922,director008,Finland,604178,Peter Jackson
film00076,Bullet train 686,director008,UK,310783,Peter Jackson
film00078,Obsession 591,director008,UK,122707,Peter Jackson
film00079,avengers 804,director008,Spain,987370,Peter Jackson
film00087,avengers 550,director008,Finland,731609,Peter Jackson
film00093,Lost City 417,director008,China,680445,Peter Jackson
film00098,Parasites 678,director008,Argentina,168914,Peter Jackson
film00178,Interstellar 453,director008,Argentina,864274,Peter Jackson
film00179,tik-tak boom 219,director008,China,569373,Peter Jackson
film00185,F1 251,director008,Finland,871392,Peter Jackson
film00191,avengers 181,director008,Spain,92208,Peter Jackson
film00206,Vanhelsing 339,director008,Argentina,295739,Peter Jackson
film00209,Obsession 390,director008,Finland,307849,Peter Jackson
film00216,Lost City 861,director008,Russia,964398,Peter Jackson
film00220,Lost City 888,director008,Spain,140136,Peter Jackson
film00248,X-man 651,director008,Spain,223142,Peter Jackson
film00251,Obsession 828,director008,Japan,355161,Peter Jackson
film00254,God father 286,director008,Spain,509913,Peter Jackson
film00255,avengers 769,director008,Kazahstan,361437,Peter Jackson
film00257,X-man 30,director008,USA,49174,Peter Jackson
film00258,X-man 187,director008,UK,657596,Peter Jackson
film00264,Interstellar 662,director008,USA,449580,Peter Jackson
film00271,X-man 720,director008,Japan,87424,Peter Jackson
film00275,avengers 222,director008,Norway,321349,Peter Jackson
film00283,tik-tak boom 890,director008,Portugal,238178,Peter Jackson
film00285,Obsession 292,director008,India,10738,Peter Jackson
film00288,Bullet train 964,director008,UK,903132,Peter Jackson
film00296,Parasites 390,director008,Japan,144790,Peter Jackson
film00304,F1 419,director008,Norway,173088,Peter Jackson
film00307,Bullet train 720,director008,Norway,785616,Peter Jackson
film00315,Interstellar 128,director008,Portugal,766470,Peter Jackson
film00317,Bullet train 513,director008,Russia,330780,Peter Jackson
film00324,Interstellar 532,director008,Japan,817808,Peter Jackson
film00326,tik-tak boom 834,director008,Spain,889217,Peter Jackson
film00330,X-man 422,director008,Argentina,198810,Peter Jackson
film00332,Parasites 38,director008,Japan,678558,Peter Jackson
film00336,tik-tak boom 891,director008,UK,253792,Peter Jackson
film00338,Parasites 371,director008,Portugal,75461,Peter Jackson
film00341,Bullet train 449,director008,China,139394,Peter Jackson
film00350,Vanhelsing 855,director008,USA,275921,Peter Jackson
film00351,Interstellar 250,director008,Germany,42761,Peter Jackson
film00357,Obsession 594,director008,Russia,445150,Peter Jackson
film00358,Lost City 458,director008,Finland,422818,Peter Jackson
film00368,God father 896,director008,Portugal,666105,Peter Jackson
film00369,God father 539,director008,Kazahstan,876064,Peter Jackson
film00376,X-man 642,director008,UK,970542,Peter Jackson
film00398,avengers 394,director008,Japan,550300,Peter Jackson
film00403,Obsession 764,director008,Argentina,378617,Peter Jackson
film00409,Bullet train 808,director008,Portugal,707866,Peter Jackson
film00416,Lost City 264,director008,India,382657,Peter Jackson
film00423,Parasites 127,director008,Germany,338433,Peter Jackson
film00429,tik-tak boom 844,director008,Argentina,707033,Peter Jackson
film00432,F1 312,director008,Argentina,49159,Peter Jackson
film00440,avengers 455,director008,Germany,306759,Peter Jackson
film00468,Interstellar 730,director008,Spain,546007,Peter Jackson
film00478,Vanhelsing 348,director008,Norway,138057,Peter Jackson
film00482,Lost City 704,director008,Kazahstan,413040,Peter Jackson
film00492,Lost City 673,director008,France,472404,Peter Jackson
film00505,Vanhelsing 430,director008,Germany,877530,Peter Jackson
film00512,Interstellar 622,director008,Japan,860926,Peter Jackson
film00516,tik-tak boom 695,director008,Finland,577843,Peter Jackson
film00528,Vanhelsing 20,director008,Portugal,615590,Peter Jackson
film00533,X-man 176,director008,Norway,465971,Peter Jackson
film00545,Lost City 975,director008,Norway,448389,Peter Jackson
film00546,Interstellar 773,director008,France,372136,Peter Jackson
film00549,Interstellar 70,director008,Japan,468676,Peter Jackson
film00553,Bullet train 473,director008,Norway,310440,Peter Jackson
film00559,X-man 620,director008,Germany,674870,Peter Jackson
film00563,F1 254,director008,Kazahstan,21478,Peter Jackson
film00581,avengers 350,director008,UK,260896,Peter Jackson
film00592,Bullet train 989,director008,Germany,622301,Peter Jackson
film00593,avengers 377,director008,China,846372,Peter Jackson
film00598,F1 657,director008,China,994587,Peter Jackson
film00620,tik-tak boom 813,director008,France,812982,Peter Jackson
film00621,God father 114,director008,UK,888599,Peter Jackson
film00630,Vanhelsing 895,director008,Russia,831307,Peter Jackson
film00638,tik-tak boom 476,director008,Spain,184869,Peter Jackson
film00640,God father 734,director008,Finland,722942,Peter Jackson
film00644,Parasites 408,director008,Finland,995782,Peter Jackson
film00652,Interstellar 709,director008,Portugal,110167,Peter Jackson
film00660,Lost City 707,director008,Norway,765711,Peter Jackson
film00666,F1 147,director008,Kazahstan,114282,Peter Jackson
film00670,Obsession 158,director008,Russia,175418,Peter Jackson
film00671,X-man 381,director008,Russia,518033,Peter Jackson
film00679,Bullet train 721,director008,France,474209,Peter Jackson
film00683,Interstellar 177,director008,China,274812,Peter Jackson
film00691,avengers 810,director008,India,739726,Peter Jackson
film00699,tik-tak boom 76,director008,Finland,582028,Peter Jackson
film00722,F1 162,director008,Norway,278877,Peter Jackson
film00723,Vanhelsing 496,director008,UK,674045,Peter Jackson
film00729,X-man 248,director008,India,488648,Peter Jackson
film00730,God father 274,director008,Japan,238232,Peter Jackson
film00737,Interstellar 528,director008,Kazahstan,568750,Peter Jackson
film00740,Vanhelsing 518,director008,Argentina,64946,Peter Jackson
film00743,Interstellar 612,director008,Russia,562527,Peter Jackson
film00750,God father 396,director008,USA,527491,Peter Jackson
film00758,Interstellar 532,director008,France,223182,Peter Jackson
film00762,Obsession 345,director008,Norway,457542,Peter Jackson
film00763,Obsession 307,director008,Germany,863520,Peter Jackson
film00769,F1 598,director008,UK,407951,Peter Jackson
film00773,avengers 20,director008,Argentina,481412,Peter Jackson
film00776,Vanhelsing 514,director008,Portugal,617118,Peter Jackson
film00787,Interstellar 325,director008,Spain,562652,Peter Jackson
film00793,X-man 947,director008,USA,181564,Peter Jackson
film00794,tik-tak boom 263,director008,Japan,423548,Peter Jackson
film00803,Vanhelsing 669,director008,China,22215,Peter Jackson
film00814,X-man 292,director008,China,283507,Peter Jackson
film00815,tik-tak boom 557,director008,Finland,438017,Peter Jackson
film00816,Lost City 872,director008,Portugal,677913,Peter Jackson
film00818,X-man 167,director008,India,222659,Peter Jackson
film00825,Lost City 144,director008,France,69804,Peter Jackson
film00837,Interstellar 157,director008,Germany,288286,Peter Jackson
film00839,Parasites 935,director008,India,530663,Peter Jackson
film00846,Lost City 336,director008,India,616388,Peter Jackson
film00892,Vanhelsing 189,director008,Japan,274832,Peter Jackson
film00908,God father 765,director008,Russia,773519,Peter Jackson
film00914,Parasites 904,director008,Norway,561605,Peter Jackson
film00915,Interstellar 101,director008,Norway,824024,Peter Jackson
film00925,Bullet train 782,director008,Finland,848609,Peter Jackson
film00926,tik-tak boom 758,director008,Argentina,800977,Peter Jackson
film00928,Lost City 144,director008,Norway,944289,Peter Jackson
film00934,F1 224,director008,Kazahstan,930922,Peter Jackson
film00935,X-man 62,director008,China,390737,Peter Jackson
film00950,Vanhelsing 566,director008,France,145037,Peter Jackson
film00952,Lost City 85,director008,Russia,598062,Peter Jackson
film00956,avengers 217,director008,Kazahstan,85736,Peter Jackson
